{"country_id":{"18318":"afghanistan","18319":"albania","18320":"algeria","18321":"andorra","18322":"angola","18323":"antigua_and_barbuda","18324":"argentina","18325":"armenia","18333":"australia_western_australi","18334":"austria","18335":"azerbaijan","18336":"bahamas","18337":"bahrain","18338":"bangladesh","18339":"barbados","18340":"belarus","18341":"belgium","18342":"benin","18343":"bhutan","18344":"bolivia","18345":"bosnia_and_herzegovina","18346":"brazil","18347":"brunei","18348":"bulgaria","18349":"burkina_faso","18350":"cabo_verde","18351":"cambodia","18352":"cameroon","18364":"central_african_republic","18365":"chad","18366":"chile","18399":"china_zhejian","18400":"colombia","18401":"congo_(brazzaville)","18402":"congo_(kinshasa)","18403":"costa_rica","18404":"cote_d'ivoire","18405":"croatia","18406":"diamond_princess","18407":"cuba","18408":"cyprus","18409":"czechia","18412":"denmark","18413":"djibouti","18414":"dominican_republic","18415":"ecuador","18416":"egypt","18417":"el_salvador","18418":"equatorial_guinea","18419":"eritrea","18420":"estonia","18421":"eswatini","18422":"ethiopia","18423":"fiji","18424":"finland","18434":"france","18435":"gabon","18436":"gambia","18437":"georgia","18438":"germany","18439":"ghana","18440":"greece","18441":"guatemala","18442":"guinea","18443":"guyana","18444":"haiti","18445":"holy_see","18446":"honduras","18447":"hungary","18448":"iceland","18449":"india","18450":"indonesia","18451":"iran","18452":"iraq","18453":"ireland","18454":"israel","18455":"italy","18456":"jamaica","18457":"japan","18458":"jordan","18459":"kazakhstan","18460":"kenya","18461":"korea,_south","18462":"kuwait","18463":"kyrgyzstan","18464":"latvia","18465":"lebanon","18466":"liberia","18467":"liechtenstein","18468":"lithuania","18469":"luxembourg","18470":"madagascar","18471":"malaysia","18472":"maldives","18473":"malta","18474":"mauritania","18475":"mauritius","18476":"mexico","18477":"moldova","18478":"monaco","18479":"mongolia","18480":"montenegro","18481":"morocco","18482":"namibia","18483":"nepal","18488":"new_zealand","18489":"nicaragua","18490":"niger","18491":"nigeria","18492":"north_macedonia","18493":"norway","18494":"oman","18495":"pakistan","18496":"panama","18497":"papua_new_guinea","18498":"paraguay","18499":"peru","18500":"philippines","18501":"poland","18502":"portugal","18503":"qatar","18504":"romania","18505":"russia","18506":"rwanda","18507":"saint_lucia","18508":"saint_vincent_and_the_grenadines","18509":"san_marino","18510":"saudi_arabia","18511":"senegal","18512":"serbia","18513":"seychelles","18514":"singapore","18515":"slovakia","18516":"slovenia","18517":"somalia","18518":"south_africa","18519":"spain","18520":"sri_lanka","18521":"sudan","18522":"suriname","18523":"sweden","18524":"switzerland","18525":"taiwan*","18526":"tanzania","18527":"thailand","18528":"togo","18529":"trinidad_and_tobago","18530":"tunisia","18531":"turkey","18532":"uganda","18533":"ukraine","18534":"united_arab_emirates","18542":"uruguay","18543":"us","18544":"uzbekistan","18545":"venezuela","18546":"vietnam","18547":"zambia","18548":"zimbabwe","18550":"dominica","18551":"grenada","18552":"mozambique","18553":"syria","18554":"timor-leste","18555":"belize","18557":"laos","18558":"libya","18559":"west_bank_and_gaza","18560":"guinea-bissau","18561":"mali","18562":"saint_kitts_and_nevis","18564":"canada_yuko","18565":"kosovo","18566":"burma","18569":"united_kingdom_turks_and_caicos_island","18570":"ms_zaandam","18571":"botswana","18572":"burundi","18573":"sierra_leone","18574":"netherlands_bonaire,_sint_eustatius_and_sab","18575":"malawi"},"country_region":{"18318":"Afghanistan","18319":"Albania","18320":"Algeria","18321":"Andorra","18322":"Angola","18323":"Antigua and Barbuda","18324":"Argentina","18325":"Armenia","18333":"Australia","18334":"Austria","18335":"Azerbaijan","18336":"Bahamas","18337":"Bahrain","18338":"Bangladesh","18339":"Barbados","18340":"Belarus","18341":"Belgium","18342":"Benin","18343":"Bhutan","18344":"Bolivia","18345":"Bosnia and Herzegovina","18346":"Brazil","18347":"Brunei","18348":"Bulgaria","18349":"Burkina Faso","18350":"Cabo Verde","18351":"Cambodia","18352":"Cameroon","18364":"Central African Republic","18365":"Chad","18366":"Chile","18399":"China","18400":"Colombia","18401":"Congo (Brazzaville)","18402":"Congo (Kinshasa)","18403":"Costa Rica","18404":"Cote d'Ivoire","18405":"Croatia","18406":"Diamond Princess","18407":"Cuba","18408":"Cyprus","18409":"Czechia","18412":"Denmark","18413":"Djibouti","18414":"Dominican Republic","18415":"Ecuador","18416":"Egypt","18417":"El Salvador","18418":"Equatorial Guinea","18419":"Eritrea","18420":"Estonia","18421":"Eswatini","18422":"Ethiopia","18423":"Fiji","18424":"Finland","18434":"France","18435":"Gabon","18436":"Gambia","18437":"Georgia","18438":"Germany","18439":"Ghana","18440":"Greece","18441":"Guatemala","18442":"Guinea","18443":"Guyana","18444":"Haiti","18445":"Holy See","18446":"Honduras","18447":"Hungary","18448":"Iceland","18449":"India","18450":"Indonesia","18451":"Iran","18452":"Iraq","18453":"Ireland","18454":"Israel","18455":"Italy","18456":"Jamaica","18457":"Japan","18458":"Jordan","18459":"Kazakhstan","18460":"Kenya","18461":"Korea, South","18462":"Kuwait","18463":"Kyrgyzstan","18464":"Latvia","18465":"Lebanon","18466":"Liberia","18467":"Liechtenstein","18468":"Lithuania","18469":"Luxembourg","18470":"Madagascar","18471":"Malaysia","18472":"Maldives","18473":"Malta","18474":"Mauritania","18475":"Mauritius","18476":"Mexico","18477":"Moldova","18478":"Monaco","18479":"Mongolia","18480":"Montenegro","18481":"Morocco","18482":"Namibia","18483":"Nepal","18488":"New Zealand","18489":"Nicaragua","18490":"Niger","18491":"Nigeria","18492":"North Macedonia","18493":"Norway","18494":"Oman","18495":"Pakistan","18496":"Panama","18497":"Papua New Guinea","18498":"Paraguay","18499":"Peru","18500":"Philippines","18501":"Poland","18502":"Portugal","18503":"Qatar","18504":"Romania","18505":"Russia","18506":"Rwanda","18507":"Saint Lucia","18508":"Saint Vincent and the Grenadines","18509":"San Marino","18510":"Saudi Arabia","18511":"Senegal","18512":"Serbia","18513":"Seychelles","18514":"Singapore","18515":"Slovakia","18516":"Slovenia","18517":"Somalia","18518":"South Africa","18519":"Spain","18520":"Sri Lanka","18521":"Sudan","18522":"Suriname","18523":"Sweden","18524":"Switzerland","18525":"Taiwan*","18526":"Tanzania","18527":"Thailand","18528":"Togo","18529":"Trinidad and Tobago","18530":"Tunisia","18531":"Turkey","18532":"Uganda","18533":"Ukraine","18534":"United Arab Emirates","18542":"Uruguay","18543":"US","18544":"Uzbekistan","18545":"Venezuela","18546":"Vietnam","18547":"Zambia","18548":"Zimbabwe","18550":"Dominica","18551":"Grenada","18552":"Mozambique","18553":"Syria","18554":"Timor-Leste","18555":"Belize","18557":"Laos","18558":"Libya","18559":"West Bank and Gaza","18560":"Guinea-Bissau","18561":"Mali","18562":"Saint Kitts and Nevis","18564":"Canada","18565":"Kosovo","18566":"Burma","18569":"United Kingdom","18570":"MS Zaandam","18571":"Botswana","18572":"Burundi","18573":"Sierra Leone","18574":"Netherlands","18575":"Malawi"},"province_state":{"18318":"","18319":"","18320":"","18321":"","18322":"","18323":"","18324":"","18325":"","18333":"Western Australia","18334":"","18335":"","18336":"","18337":"","18338":"","18339":"","18340":"","18341":"","18342":"","18343":"","18344":"","18345":"","18346":"","18347":"","18348":"","18349":"","18350":"","18351":"","18352":"","18364":"","18365":"","18366":"","18399":"Zhejiang","18400":"","18401":"","18402":"","18403":"","18404":"","18405":"","18406":"","18407":"","18408":"","18409":"","18412":"","18413":"","18414":"","18415":"","18416":"","18417":"","18418":"","18419":"","18420":"","18421":"","18422":"","18423":"","18424":"","18434":"","18435":"","18436":"","18437":"","18438":"","18439":"","18440":"","18441":"","18442":"","18443":"","18444":"","18445":"","18446":"","18447":"","18448":"","18449":"","18450":"","18451":"","18452":"","18453":"","18454":"","18455":"","18456":"","18457":"","18458":"","18459":"","18460":"","18461":"","18462":"","18463":"","18464":"","18465":"","18466":"","18467":"","18468":"","18469":"","18470":"","18471":"","18472":"","18473":"","18474":"","18475":"","18476":"","18477":"","18478":"","18479":"","18480":"","18481":"","18482":"","18483":"","18488":"","18489":"","18490":"","18491":"","18492":"","18493":"","18494":"","18495":"","18496":"","18497":"","18498":"","18499":"","18500":"","18501":"","18502":"","18503":"","18504":"","18505":"","18506":"","18507":"","18508":"","18509":"","18510":"","18511":"","18512":"","18513":"","18514":"","18515":"","18516":"","18517":"","18518":"","18519":"","18520":"","18521":"","18522":"","18523":"","18524":"","18525":"","18526":"","18527":"","18528":"","18529":"","18530":"","18531":"","18532":"","18533":"","18534":"","18542":"","18543":"","18544":"","18545":"","18546":"","18547":"","18548":"","18550":"","18551":"","18552":"","18553":"","18554":"","18555":"","18557":"","18558":"","18559":"","18560":"","18561":"","18562":"","18564":"Yukon","18565":"","18566":"","18569":"Turks and Caicos Islands","18570":"","18571":"","18572":"","18573":"","18574":"Bonaire, Sint Eustatius and Saba","18575":""},"lat":{"18318":33.0,"18319":41.1533,"18320":28.0339,"18321":42.5063,"18322":-11.2027,"18323":17.0608,"18324":-38.4161,"18325":40.0691,"18333":-31.9505,"18334":47.5162,"18335":40.1431,"18336":25.0343,"18337":26.0275,"18338":23.685,"18339":13.1939,"18340":53.7098,"18341":50.8333,"18342":9.3077,"18343":27.5142,"18344":-16.2902,"18345":43.9159,"18346":-14.235,"18347":4.5353,"18348":42.7339,"18349":12.2383,"18350":16.5388,"18351":11.55,"18352":3.848,"18364":6.6111,"18365":15.4542,"18366":-35.6751,"18399":29.1832,"18400":4.5709,"18401":-4.0383,"18402":-4.0383,"18403":9.7489,"18404":7.54,"18405":45.1,"18406":0.0,"18407":22.0,"18408":35.1264,"18409":49.8175,"18412":56.2639,"18413":11.8251,"18414":18.7357,"18415":-1.8312,"18416":26.0,"18417":13.7942,"18418":1.5,"18419":15.1794,"18420":58.5953,"18421":-26.5225,"18422":9.145,"18423":-17.7134,"18424":64.0,"18434":46.2276,"18435":-0.8037,"18436":13.4432,"18437":42.3154,"18438":51.0,"18439":7.9465,"18440":39.0742,"18441":15.7835,"18442":9.9456,"18443":5.0,"18444":18.9712,"18445":41.9029,"18446":15.2,"18447":47.1625,"18448":64.9631,"18449":21.0,"18450":-0.7893,"18451":32.0,"18452":33.0,"18453":53.1424,"18454":31.0,"18455":43.0,"18456":18.1096,"18457":36.0,"18458":31.24,"18459":48.0196,"18460":-0.0236,"18461":36.0,"18462":29.5,"18463":41.2044,"18464":56.8796,"18465":33.8547,"18466":6.4281,"18467":47.14,"18468":55.1694,"18469":49.8153,"18470":-18.7669,"18471":2.5,"18472":3.2028,"18473":35.9375,"18474":21.0079,"18475":-20.2,"18476":23.6345,"18477":47.4116,"18478":43.7333,"18479":46.8625,"18480":42.5,"18481":31.7917,"18482":-22.9576,"18483":28.1667,"18488":-40.9006,"18489":12.8654,"18490":17.6078,"18491":9.082,"18492":41.6086,"18493":60.472,"18494":21.0,"18495":30.3753,"18496":8.538,"18497":-6.315,"18498":-23.4425,"18499":-9.19,"18500":13.0,"18501":51.9194,"18502":39.3999,"18503":25.3548,"18504":45.9432,"18505":60.0,"18506":-1.9403,"18507":13.9094,"18508":12.9843,"18509":43.9424,"18510":24.0,"18511":14.4974,"18512":44.0165,"18513":-4.6796,"18514":1.2833,"18515":48.669,"18516":46.1512,"18517":5.1521,"18518":-30.5595,"18519":40.0,"18520":7.0,"18521":12.8628,"18522":3.9193,"18523":63.0,"18524":46.8182,"18525":23.7,"18526":-6.369,"18527":15.0,"18528":8.6195,"18529":10.6918,"18530":34.0,"18531":38.9637,"18532":1.0,"18533":48.3794,"18534":24.0,"18542":-32.5228,"18543":37.0902,"18544":41.3775,"18545":6.4238,"18546":16.0,"18547":-15.4167,"18548":-20.0,"18550":15.415,"18551":12.1165,"18552":-18.665695,"18553":34.802075,"18554":-8.874217,"18555":13.1939,"18557":19.85627,"18558":26.3351,"18559":31.9522,"18560":11.8037,"18561":17.570692,"18562":17.357822,"18564":64.2823,"18565":42.602636,"18566":21.9162,"18569":21.694,"18570":0.0,"18571":-22.3285,"18572":-3.3731,"18573":8.460555,"18574":12.1784,"18575":-13.254308},"long":{"18318":65.0,"18319":20.1683,"18320":1.6596,"18321":1.5218,"18322":17.8739,"18323":-61.7964,"18324":-63.6167,"18325":45.0382,"18333":115.8605,"18334":14.5501,"18335":47.5769,"18336":-77.3963,"18337":50.55,"18338":90.3563,"18339":-59.5432,"18340":27.9534,"18341":4.0,"18342":2.3158,"18343":90.4336,"18344":-63.5887,"18345":17.6791,"18346":-51.9253,"18347":114.7277,"18348":25.4858,"18349":-1.5616,"18350":-23.0418,"18351":104.9167,"18352":11.5021,"18364":20.9394,"18365":18.7322,"18366":-71.543,"18399":120.0934,"18400":-74.2973,"18401":21.7587,"18402":21.7587,"18403":-83.7534,"18404":-5.5471,"18405":15.2,"18406":0.0,"18407":-80.0,"18408":33.4299,"18409":15.473,"18412":9.5018,"18413":42.5903,"18414":-70.1627,"18415":-78.1834,"18416":30.0,"18417":-88.8965,"18418":10.0,"18419":39.7823,"18420":25.0136,"18421":31.4659,"18422":40.4897,"18423":178.065,"18424":26.0,"18434":2.2137,"18435":11.6094,"18436":-15.3101,"18437":43.3569,"18438":9.0,"18439":-1.0232,"18440":21.8243,"18441":-90.2308,"18442":-9.6966,"18443":-58.75,"18444":-72.2852,"18445":12.4534,"18446":-86.2419,"18447":19.5033,"18448":-19.0208,"18449":78.0,"18450":113.9213,"18451":53.0,"18452":44.0,"18453":-7.6921,"18454":35.0,"18455":12.0,"18456":-77.2975,"18457":138.0,"18458":36.51,"18459":66.9237,"18460":37.9062,"18461":128.0,"18462":47.75,"18463":74.7661,"18464":24.6032,"18465":35.8623,"18466":-9.4295,"18467":9.55,"18468":23.8813,"18469":6.1296,"18470":46.8691,"18471":112.5,"18472":73.2207,"18473":14.3754,"18474":10.9408,"18475":57.5,"18476":-102.5528,"18477":28.3699,"18478":7.4167,"18479":103.8467,"18480":19.3,"18481":-7.0926,"18482":18.4904,"18483":84.25,"18488":174.886,"18489":-85.2072,"18490":8.0817,"18491":8.6753,"18492":21.7453,"18493":8.4689,"18494":57.0,"18495":69.3451,"18496":-80.7821,"18497":143.9555,"18498":-58.4438,"18499":-75.0152,"18500":122.0,"18501":19.1451,"18502":-8.2245,"18503":51.1839,"18504":24.9668,"18505":90.0,"18506":29.8739,"18507":-60.9789,"18508":-61.2872,"18509":12.4578,"18510":45.0,"18511":-14.4524,"18512":21.0059,"18513":55.492,"18514":103.8333,"18515":19.699,"18516":14.9955,"18517":46.1996,"18518":22.9375,"18519":-4.0,"18520":81.0,"18521":30.2176,"18522":-56.0278,"18523":16.0,"18524":8.2275,"18525":121.0,"18526":34.8888,"18527":101.0,"18528":0.8248,"18529":-61.2225,"18530":9.0,"18531":35.2433,"18532":32.0,"18533":31.1656,"18534":54.0,"18542":-55.7658,"18543":-95.7129,"18544":64.5853,"18545":-66.5897,"18546":108.0,"18547":28.2833,"18548":30.0,"18550":-61.371,"18551":-61.679,"18552":35.529562,"18553":38.996815,"18554":125.727539,"18555":-59.5432,"18557":102.495496,"18558":17.228331,"18559":35.2332,"18560":-15.1804,"18561":-3.996166,"18562":-62.782998,"18564":-135.0,"18565":20.902977,"18566":95.956,"18569":-71.7979,"18570":0.0,"18571":24.6849,"18572":29.9189,"18573":-11.779889,"18574":-68.2385,"18575":34.301525},"date":{"18318":1585785600000,"18319":1585785600000,"18320":1585785600000,"18321":1585785600000,"18322":1585785600000,"18323":1585785600000,"18324":1585785600000,"18325":1585785600000,"18333":1585785600000,"18334":1585785600000,"18335":1585785600000,"18336":1585785600000,"18337":1585785600000,"18338":1585785600000,"18339":1585785600000,"18340":1585785600000,"18341":1585785600000,"18342":1585785600000,"18343":1585785600000,"18344":1585785600000,"18345":1585785600000,"18346":1585785600000,"18347":1585785600000,"18348":1585785600000,"18349":1585785600000,"18350":1585785600000,"18351":1585785600000,"18352":1585785600000,"18364":1585785600000,"18365":1585785600000,"18366":1585785600000,"18399":1585785600000,"18400":1585785600000,"18401":1585785600000,"18402":1585785600000,"18403":1585785600000,"18404":1585785600000,"18405":1585785600000,"18406":1585785600000,"18407":1585785600000,"18408":1585785600000,"18409":1585785600000,"18412":1585785600000,"18413":1585785600000,"18414":1585785600000,"18415":1585785600000,"18416":1585785600000,"18417":1585785600000,"18418":1585785600000,"18419":1585785600000,"18420":1585785600000,"18421":1585785600000,"18422":1585785600000,"18423":1585785600000,"18424":1585785600000,"18434":1585785600000,"18435":1585785600000,"18436":1585785600000,"18437":1585785600000,"18438":1585785600000,"18439":1585785600000,"18440":1585785600000,"18441":1585785600000,"18442":1585785600000,"18443":1585785600000,"18444":1585785600000,"18445":1585785600000,"18446":1585785600000,"18447":1585785600000,"18448":1585785600000,"18449":1585785600000,"18450":1585785600000,"18451":1585785600000,"18452":1585785600000,"18453":1585785600000,"18454":1585785600000,"18455":1585785600000,"18456":1585785600000,"18457":1585785600000,"18458":1585785600000,"18459":1585785600000,"18460":1585785600000,"18461":1585785600000,"18462":1585785600000,"18463":1585785600000,"18464":1585785600000,"18465":1585785600000,"18466":1585785600000,"18467":1585785600000,"18468":1585785600000,"18469":1585785600000,"18470":1585785600000,"18471":1585785600000,"18472":1585785600000,"18473":1585785600000,"18474":1585785600000,"18475":1585785600000,"18476":1585785600000,"18477":1585785600000,"18478":1585785600000,"18479":1585785600000,"18480":1585785600000,"18481":1585785600000,"18482":1585785600000,"18483":1585785600000,"18488":1585785600000,"18489":1585785600000,"18490":1585785600000,"18491":1585785600000,"18492":1585785600000,"18493":1585785600000,"18494":1585785600000,"18495":1585785600000,"18496":1585785600000,"18497":1585785600000,"18498":1585785600000,"18499":1585785600000,"18500":1585785600000,"18501":1585785600000,"18502":1585785600000,"18503":1585785600000,"18504":1585785600000,"18505":1585785600000,"18506":1585785600000,"18507":1585785600000,"18508":1585785600000,"18509":1585785600000,"18510":1585785600000,"18511":1585785600000,"18512":1585785600000,"18513":1585785600000,"18514":1585785600000,"18515":1585785600000,"18516":1585785600000,"18517":1585785600000,"18518":1585785600000,"18519":1585785600000,"18520":1585785600000,"18521":1585785600000,"18522":1585785600000,"18523":1585785600000,"18524":1585785600000,"18525":1585785600000,"18526":1585785600000,"18527":1585785600000,"18528":1585785600000,"18529":1585785600000,"18530":1585785600000,"18531":1585785600000,"18532":1585785600000,"18533":1585785600000,"18534":1585785600000,"18542":1585785600000,"18543":1585785600000,"18544":1585785600000,"18545":1585785600000,"18546":1585785600000,"18547":1585785600000,"18548":1585785600000,"18550":1585785600000,"18551":1585785600000,"18552":1585785600000,"18553":1585785600000,"18554":1585785600000,"18555":1585785600000,"18557":1585785600000,"18558":1585785600000,"18559":1585785600000,"18560":1585785600000,"18561":1585785600000,"18562":1585785600000,"18564":1585785600000,"18565":1585785600000,"18566":1585785600000,"18569":1585785600000,"18570":1585785600000,"18571":1585785600000,"18572":1585785600000,"18573":1585785600000,"18574":1585785600000,"18575":1585785600000},"confirmed":{"18318":273,"18319":277,"18320":986,"18321":428,"18322":8,"18323":9,"18324":1133,"18325":663,"18333":400,"18334":11129,"18335":400,"18336":24,"18337":643,"18338":56,"18339":46,"18340":304,"18341":15348,"18342":13,"18343":5,"18344":123,"18345":533,"18346":8044,"18347":133,"18348":457,"18349":288,"18350":6,"18351":110,"18352":306,"18364":3,"18365":8,"18366":3404,"18399":1258,"18400":1161,"18401":22,"18402":134,"18403":396,"18404":194,"18405":1011,"18406":712,"18407":233,"18408":356,"18409":3858,"18412":3386,"18413":40,"18414":1380,"18415":3163,"18416":865,"18417":41,"18418":15,"18419":22,"18420":858,"18421":9,"18422":29,"18423":7,"18424":1518,"18434":59105,"18435":21,"18436":4,"18437":134,"18438":84794,"18439":204,"18440":1544,"18441":47,"18442":52,"18443":19,"18444":16,"18445":7,"18446":219,"18447":585,"18448":1319,"18449":2543,"18450":1790,"18451":50468,"18452":772,"18453":3849,"18454":6857,"18455":115242,"18456":47,"18457":2495,"18458":299,"18459":435,"18460":110,"18461":9976,"18462":342,"18463":116,"18464":458,"18465":494,"18466":6,"18467":75,"18468":649,"18469":2487,"18470":59,"18471":3116,"18472":19,"18473":196,"18474":6,"18475":169,"18476":1378,"18477":505,"18478":60,"18479":14,"18480":144,"18481":708,"18482":14,"18483":6,"18488":797,"18489":5,"18490":98,"18491":184,"18492":384,"18493":5147,"18494":231,"18495":2421,"18496":1317,"18497":1,"18498":77,"18499":1414,"18500":2633,"18501":2946,"18502":9034,"18503":949,"18504":2738,"18505":3548,"18506":84,"18507":13,"18508":2,"18509":245,"18510":1885,"18511":195,"18512":1171,"18513":10,"18514":1049,"18515":426,"18516":897,"18517":5,"18518":1462,"18519":112065,"18520":151,"18521":8,"18522":10,"18523":5568,"18524":18827,"18525":339,"18526":20,"18527":1875,"18528":39,"18529":94,"18530":455,"18531":18135,"18532":45,"18533":897,"18534":1024,"18542":350,"18543":243453,"18544":205,"18545":146,"18546":233,"18547":39,"18548":9,"18550":12,"18551":10,"18552":10,"18553":16,"18554":1,"18555":3,"18557":10,"18558":11,"18559":161,"18560":9,"18561":36,"18562":9,"18564":6,"18565":125,"18566":20,"18569":5,"18570":9,"18571":4,"18572":3,"18573":2,"18574":2,"18575":3},"deaths":{"18318":6,"18319":16,"18320":86,"18321":15,"18322":2,"18323":0,"18324":36,"18325":7,"18333":2,"18334":158,"18335":5,"18336":1,"18337":4,"18338":6,"18339":0,"18340":4,"18341":1011,"18342":0,"18343":0,"18344":8,"18345":16,"18346":324,"18347":1,"18348":10,"18349":16,"18350":1,"18351":0,"18352":7,"18364":0,"18365":0,"18366":18,"18399":1,"18400":19,"18401":2,"18402":13,"18403":2,"18404":1,"18405":7,"18406":11,"18407":6,"18408":10,"18409":44,"18412":123,"18413":0,"18414":60,"18415":120,"18416":58,"18417":2,"18418":0,"18419":0,"18420":11,"18421":0,"18422":0,"18423":0,"18424":19,"18434":5387,"18435":1,"18436":1,"18437":0,"18438":1107,"18439":5,"18440":53,"18441":1,"18442":0,"18443":4,"18444":0,"18445":0,"18446":14,"18447":21,"18448":4,"18449":72,"18450":170,"18451":3160,"18452":54,"18453":98,"18454":36,"18455":13915,"18456":3,"18457":62,"18458":5,"18459":3,"18460":3,"18461":169,"18462":0,"18463":0,"18464":0,"18465":16,"18466":0,"18467":0,"18468":9,"18469":30,"18470":0,"18471":50,"18472":0,"18473":0,"18474":1,"18475":7,"18476":37,"18477":6,"18478":1,"18479":0,"18480":2,"18481":44,"18482":0,"18483":0,"18488":1,"18489":1,"18490":5,"18491":2,"18492":11,"18493":50,"18494":1,"18495":34,"18496":32,"18497":0,"18498":3,"18499":55,"18500":107,"18501":57,"18502":209,"18503":3,"18504":115,"18505":30,"18506":0,"18507":0,"18508":0,"18509":30,"18510":21,"18511":1,"18512":31,"18513":0,"18514":4,"18515":1,"18516":17,"18517":0,"18518":5,"18519":10348,"18520":4,"18521":2,"18522":0,"18523":308,"18524":536,"18525":5,"18526":1,"18527":15,"18528":2,"18529":5,"18530":14,"18531":356,"18532":0,"18533":22,"18534":8,"18542":4,"18543":5926,"18544":2,"18545":5,"18546":0,"18547":1,"18548":1,"18550":0,"18551":0,"18552":0,"18553":2,"18554":0,"18555":0,"18557":0,"18558":1,"18559":1,"18560":0,"18561":3,"18562":0,"18564":0,"18565":1,"18566":1,"18569":0,"18570":2,"18571":1,"18572":0,"18573":0,"18574":0,"18575":0},"recovered":{"18318":10,"18319":76,"18320":61,"18321":10,"18322":1,"18323":0,"18324":256,"18325":33,"18333":64,"18334":1749,"18335":26,"18336":1,"18337":381,"18338":25,"18339":0,"18340":53,"18341":2495,"18342":1,"18343":1,"18344":1,"18345":20,"18346":127,"18347":56,"18348":25,"18349":50,"18350":0,"18351":34,"18352":10,"18364":0,"18365":0,"18366":335,"18399":1228,"18400":55,"18401":2,"18402":3,"18403":6,"18404":15,"18405":88,"18406":619,"18407":13,"18408":28,"18409":67,"18412":1089,"18413":0,"18414":16,"18415":65,"18416":201,"18417":0,"18418":1,"18419":0,"18420":45,"18421":0,"18422":3,"18423":0,"18424":300,"18434":12428,"18435":0,"18436":2,"18437":26,"18438":22440,"18439":31,"18440":61,"18441":12,"18442":0,"18443":0,"18444":1,"18445":0,"18446":3,"18447":42,"18448":284,"18449":191,"18450":112,"18451":16711,"18452":202,"18453":5,"18454":338,"18455":18278,"18456":2,"18457":472,"18458":45,"18459":27,"18460":4,"18461":5828,"18462":81,"18463":5,"18464":31,"18465":46,"18466":0,"18467":0,"18468":7,"18469":80,"18470":0,"18471":767,"18472":13,"18473":2,"18474":2,"18475":0,"18476":35,"18477":23,"18478":2,"18479":2,"18480":0,"18481":31,"18482":3,"18483":1,"18488":92,"18489":0,"18490":0,"18491":20,"18492":17,"18493":32,"18494":57,"18495":125,"18496":9,"18497":0,"18498":2,"18499":537,"18500":51,"18501":56,"18502":68,"18503":72,"18504":267,"18505":235,"18506":0,"18507":1,"18508":1,"18509":21,"18510":328,"18511":55,"18512":0,"18513":0,"18514":266,"18515":5,"18516":70,"18517":1,"18518":50,"18519":26743,"18520":21,"18521":2,"18522":0,"18523":103,"18524":4013,"18525":45,"18526":2,"18527":505,"18528":17,"18529":1,"18530":5,"18531":415,"18532":0,"18533":19,"18534":96,"18542":62,"18543":9001,"18544":25,"18545":43,"18546":75,"18547":0,"18548":0,"18550":0,"18551":0,"18552":0,"18553":0,"18554":0,"18555":0,"18557":0,"18558":0,"18559":18,"18560":0,"18561":0,"18562":0,"18564":null,"18565":10,"18566":0,"18569":0,"18570":0,"18571":0,"18572":0,"18573":0,"18574":0,"18575":0}}